Electoral District,District Centre,Polling Division,Polling District,Registered Voters,Actual Voted,Polling Station (English),Counting Centre,Ballot Box 1,Ballot Box 2,Ballot Box 3,Ballot - start,Ballot - end,Tendered Ballot - start,Tendered Ballot - end
Kegalle,Kegalle,Aranayaka,1,"1,062",,Galathara UduwewalaNavodya Vidyalaya,29,2211652,,,225501,226600,910001,910050
Kegalle,Kegalle,Aranayaka,2,"1,269",,Galathara Uduwewala Junior School,31,2210280,2210335,,253201,254500,911426,911500
Kegalle,Kegalle,Aranayaka,3,685,,Yourth Service Centre- Kandewatta,32,2210640,,,267401,268100,912151,912200
Kegalle,Kegalle,Aranayaka,4,"1,241",,Deewela Udagama Primary School - Hall No.1,30,2210234,,,239401,240700,910701,910750
Kegalle,Kegalle,Aranayaka,5,916,,Deewela Udagama Primary School - Hall No.2,32,2211167,,,268101,269100,912201,912250
Kegalle,Kegalle,Aranayaka,6,719,,Wakirigala KG/MW/ Mayurapadha Vidyalaya,31,2210436,,,254501,255300,911501,911550
Kegalle,Kegalle,Aranayaka,7,822,,Gurubevila Junior School - Asmadala,30,2210471,,,240701,241600,910751,910800
Kegalle,Kegalle,Aranayaka,8,639,,Waththegedara Multi Purpose Building,29,2212080,,,226601,227300,910051,910100
Kegalle,Kegalle,Aranayaka,9,"1,352",,Preaching Hall of Erawpola Sri Vijaya sundararama Viharaya,30,2210278,,,241601,243000,910801,910875
Kegalle,Kegalle,Aranayaka,10,911,,Thammita Junior School,31,2210943,2211156,,255301,256300,911551,911600
Kegalle,Kegalle,Aranayaka,11,598,,Ussapitiya Bodiraja Junior School Hall No 01,32,2211990,,,269101,269700,912251,912275
Kegalle,Kegalle,Aranayaka,12,"1,393",,Ussapitiya Bodiraja Junior School Hall No 02,32,2210291,2210550,,269701,271100,912276,912350
Kegalle,Kegalle,Aranayaka,13,"1,451",,Ussapitiya Sri Sumangala Junior School,29,2210370,2211540,,227301,228800,910101,910175
Kegalle,Kegalle,Aranayaka,14,"1,385",,Thalgamuwa Ilangasooriya Maha Vidyalaya,30,2210886,2211786,,243001,244400,910876,910950
Kegalle,Kegalle,Aranayaka,15,817,,Preaching Hall of Maligathenna Jayathilakaramaya,32,2211977,,,271101,272000,912351,912400
Kegalle,Kegalle,Aranayaka,16,"1,075",,Preaching Hall of Beminiwaththa Viharaya,29,2210605,,,228801,229900,910176,910225
Kegalle,Kegalle,Aranayaka,17,873,,Horewala Hewasinharamaya,31,2211011,,,256301,257200,911601,911650
Kegalle,Kegalle,Aranayaka,18,771,,Randiligama Swarnagiri Viharaya,32,2210403,,,272001,272800,912401,912450
Kegalle,Kegalle,Aranayaka,19,959,,Selawa Multi Purpose Building,30,2210313,,,244401,245400,910951,911000
Kegalle,Kegalle,Aranayaka,20,694,,Rahala East Junior School,29,2211191,,,229901,230600,910226,910275
Kegalle,Kegalle,Aranayaka,21,"1,198",,RahalaWest Junior School,29,2210583,,,230601,231800,910276,910325
Kegalle,Kegalle,Aranayaka,22,815,,Hakurugammana Junior School Hall No 01,32,2211336,,,272801,273700,912451,912500
Kegalle,Kegalle,Aranayaka,23,805,,Hakurugammana Junior School Hall No 02,31,2211764,,,257201,258100,911651,911700
Kegalle,Kegalle,Aranayaka,24,"1,074",,Dooldeniya Junior School,30,2211382,,,245401,246500,911001,911050
Kegalle,Kegalle,Aranayaka,25,951,,keerapane Sanasa Building,29,2211775,,,231801,232800,910326,910375
Kegalle,Kegalle,Aranayaka,26,801,,Thelleka Junior School,31,2211450,,,258101,259000,911701,911750
Kegalle,Kegalle,Aranayaka,27,"1,680",,Aranayaka Manadi Primary School,31,2210594,2211505,,259001,260700,911751,911825
Kegalle,Kegalle,Aranayaka,28,"1,036",,Welimanna Sri Sunanda Junior School,32,2210537,,,273701,274800,912501,912550
Kegalle,Kegalle,Aranayaka,29,835,,Preaching Hall of Podape Viharaya,30,2210695,,,246501,247400,911051,911100
Kegalle,Kegalle,Aranayaka,30,952,,D.S.Senanayaka Junior School- Galbokka,31,2210458,2211630,,260701,261700,911826,911875
Kegalle,Kegalle,Aranayaka,31,"1,326",,Dippitiya Muslim Vidyalaya Hall No. 1,32,2210381,2211401,,274801,276200,912551,912625
Kegalle,Kegalle,Aranayaka,32,"1,692",,Dippitiya Muslim Vidyalaya Hall No. 2,29,2210910,2210965,,232801,234500,910376,910450
Kegalle,Kegalle,Aranayaka,33,"1,946",,Dippitiya Rajagiri Junior School,31,2211393,2211797,2211911,261701,263700,911876,911975
Kegalle,Kegalle,Aranayaka,34,796,,Preaching Hall of SriMahindharamaya,32,2211742,,,276201,277000,912626,912675
Kegalle,Kegalle,Aranayaka,35,"1,346",,Narangammana Junior School,30,2211718,2211066,,247401,248800,911101,911175
Kegalle,Kegalle,Aranayaka,36,"1,607",,Polambegoda Vidyalaya,32,2210073,2210717,,277001,278700,912676,912750
Kegalle,Kegalle,Aranayaka,37,"1,019",,Polambegoda Sudarshanarama Pirivan Viharaya,29,2210807,,,234501,235600,910451,910500
Kegalle,Kegalle,Aranayaka,38,"1,072",,Elangipitiya Junior School,31,2210921,2212045,,263701,264800,911976,912025
Kegalle,Kegalle,Aranayaka,39,"1,138",,Getaberiya Muslim Junior School,31,2211922,2210201,,264801,266000,912026,912075
Kegalle,Kegalle,Aranayaka,40,"1,089",,Hathgampola Maha Vidyalaya Hall No 01,29,2211663,2211696,,235601,236700,910501,910550
Kegalle,Kegalle,Aranayaka,41,648,,Hathgampola Maha Vidyalaya Hall No 02,29,2211865,,,236701,237400,910551,910600
Kegalle,Kegalle,Aranayaka,42,"1,486",,Debathgama Junior School,32,2211731,2211235,,278701,280200,912751,912825
Kegalle,Kegalle,Aranayaka,43,750,,Debathgama New Junior School,30,2210796,,,248801,249600,911176,911225
Kegalle,Kegalle,Aranayaka,44,652,,Kehelwatta Maha Vidyalaya,32,2210561,,,280201,280900,912826,912875
Kegalle,Kegalle,Aranayaka,45,871,,Erabudupitiya Primary School,30,2211674,,,249601,250500,911226,911275
Kegalle,Kegalle,Aranayaka,46,587,,Dampelgoda Community Hall,29,2210504,,,237401,238000,910601,910625
Kegalle,Kegalle,Aranayaka,47,"1,333",,Ganthuna Udagama Junior School,30,2211617,,,250501,251900,911276,911350
Kegalle,Kegalle,Aranayaka,48,348,,NarangalaTamil School,32,2211090,,,280901,281300,912876,912900
Kegalle,Kegalle,Aranayaka,49,422,,Dothaloya Junior School,31,2212078,,,266001,266500,912076,912100
Kegalle,Kegalle,Aranayaka,50,802,,Ambalakanda Maha Vidyalaya Hall No 01,31,2210357,,,266501,267400,912101,912150
Kegalle,Kegalle,Aranayaka,51,726,,Ambalakanda Maha Vidyalaya Hall No 02,30,2210955,,,251901,252700,911351,911400
Kegalle,Kegalle,Aranayaka,52,460,,Belihulwana Junior School,30,2210572,,,252701,253200,911401,911425
Kegalle,Kegalle,Aranayaka,53,"1,312",,Ganthuna Pallegama Kandurata Maha Vidyalaya,29,2210526,2211562,,238001,239400,910626,910700
Kegalle,Kegalle,Mawanella,1,1618,,Ambulugala Maha Vidyalaya,22,2207441,,,281301,283000,912901,912975
Kegalle,Kegalle,Mawanella,2,1757,,Aththanagoda Panagamuwa Junior School,24,2207224,,,283001,284800,912976,913050
Kegalle,Kegalle,Mawanella,3,1231,,DodanthaleSri perakum Primary School Hall No 01,25,2206719,,,284801,286100,913051,913100
Kegalle,Kegalle,Mawanella,4,1292,,Daswaththa Maha Vidyalaya,27,2202052,2207013,,286101,287400,913101,913175
Kegalle,Kegalle,Mawanella,5,997,,Preaching Hall of Kappagoda Viharaya,25,2206732,,,287401,288400,913176,913225
Kegalle,Kegalle,Mawanella,6,1238,,Padeedora Primary School,26,2203367,,,288401,289700,913226,913275
Kegalle,Kegalle,Mawanella,7,947,,PattagamaJunior School,23,2204695,2208785,,289701,290700,913276,913325
Kegalle,Kegalle,Mawanella,8,1465,,Mawanella Mayurapadha Central College - Hall No. 01,22,2203143,2202895,,290701,292200,913326,913400
Kegalle,Kegalle,Mawanella,9,1619,,Mawanella Mayurapadha Central College - Hall No. 02,24,2202816,,,292201,293900,913401,913475
Kegalle,Kegalle,Mawanella,10,1724,,Mawanella Mayurapadha Central College- Primary Section,25,2200353,2204842,,293901,295700,913476,913550
Kegalle,Kegalle,Mawanella,11,1307,,Preaching Hall of Udattawa Sri sunandarama Viharaya,26,2201793,,,295701,297100,913551,913625
Kegalle,Kegalle,Mawanella,12,1126,,Preaching Hall of DehimaduwaKondanjarama Viharaya,27,2204976,,,297101,298300,913626,913675
Kegalle,Kegalle,Mawanella,13,1422,,Habbunkaduwa Junior School,28,2208502,,,298301,299800,913676,913750
Kegalle,Kegalle,Mawanella,14,1204,,Veganthale Maha Vidyalaya - Hall No 01,23,2204785,2208570,,299801,301100,913751,913800
Kegalle,Kegalle,Mawanella,15,1147,,Veganthale Maha Vidyalaya - Hall No 02,22,2202815,,,301101,302300,913801,913850
Kegalle,Kegalle,Mawanella,16,1101,,Danagama Muslim Vidyalaya,24,2204392,,,302301,303500,913851,913900
Kegalle,Kegalle,Mawanella,17,624,,Sri Shakya Senavirathna Viharaya - Gondiwela,27,2203839,,,303501,304200,913901,913925
Kegalle,Kegalle,Mawanella,18,1258,,Makehelwala Junior School,27,2203345,,,304201,305500,913926,914000
Kegalle,Kegalle,Mawanella,19,707,,Ihala Kotte Junior School,26,2208012,,,305501,306300,914001,914050
Kegalle,Kegalle,Mawanella,20,1172,,Randiwala Maha Vidyalaya - Hall No. 1,25,2201848,,,306301,307500,914051,914100
Kegalle,Kegalle,Mawanella,21,1598,,Randiwala Maha Vidyalaya - Hall No. 2,23,2207565,2205505,,307501,309100,914101,914175
Kegalle,Kegalle,Mawanella,22,1543,,Badulupitiya Rural Development Society Hall,22,2200487,,,309101,310700,914176,914250
Kegalle,Kegalle,Mawanella,23,782,,Nepalana Junior School,28,2204548,,,310701,311500,914251,914300
Kegalle,Kegalle,Mawanella,24,1451,,Maliyadda Junior School,26,2200241,,,311501,313000,914301,914375
Kegalle,Kegalle,Mawanella,25,1195,,Udamakadawara Junior School Hall No. 1,24,2209037,,,313001,314200,914376,914425
Kegalle,Kegalle,Mawanella,26,1002,,Udamakadawara Junior School Hall No. 2,28,2202704,,,314201,315300,914426,914475
Kegalle,Kegalle,Mawanella,27,1142,,Madeena Muslim Maha Vidyalaya - Ganethenna,27,2204953,,,315301,316500,914476,914525
Kegalle,Kegalle,Mawanella,28,1013,,Ganethanna Maha Vidyalaya - Hall No.1,23,2206642,2204436,,316501,317600,914526,914575
Kegalle,Kegalle,Mawanella,29,1519,,Ganethanna Maha Vidyalaya - Hall No.2,22,2208375,2209904,,317601,319200,914576,914650
Kegalle,Kegalle,Mawanella,30,1487,,Kahawandala Junior School,24,2203683,2206383,,319201,320700,914651,914725
Kegalle,Kegalle,Mawanella,31,841,,Preaching Hall of Weliwathura Madyamandalarama viharasthanaya,25,2200509,,,320701,321600,914726,914775
Kegalle,Kegalle,Mawanella,32,1223,,Preaching Hall of Heenatipana Viharaya,26,2267761,,,321601,322900,914776,914825
Kegalle,Kegalle,Mawanella,33,1640,,Aluthnuwara Junior School,28,2201771,2208524,,322901,324600,914826,914900
Kegalle,Kegalle,Mawanella,34,1406,,Rukulagama Primary School,27,2206359,,,324601,326100,914901,914975
Kegalle,Kegalle,Mawanella,35,1783,,Manikkawa Junior School,23,2205191,2205595,,326101,327900,914976,915050
Kegalle,Kegalle,Mawanella,36,1421,,Kekirigoda Junior School,22,2208397,2208604,,327901,329400,915051,915125
Kegalle,Kegalle,Mawanella,37,1040,,Delgahagoda Muslim Junior School,24,2202917,,,329401,330500,915126,915175
Kegalle,Kegalle,Mawanella,38,1444,,Preaching Hall of Hingula Bodhimalu Viharaya,26,2202401,2209208,,330501,332000,915176,915250
Kegalle,Kegalle,Mawanella,39,2137,,Mederigama Maha Vidyalaya,27,2267762,,,332001,334200,915251,915350
Kegalle,Kegalle,Mawanella,40,651,,Mawanella Zahira National School - Primary Division,28,2204201,,,334201,334900,915351,915400
Kegalle,Kegalle,Mawanella,41,1191,,Mawanella Zahira National School - Hall No.1,25,2202513,,,334901,336100,915401,915450
Kegalle,Kegalle,Mawanella,42,1293,,Mawanella Zahira National School - Hall No.2,23,2210108,2203796,,336101,337400,915451,915525
Kegalle,Kegalle,Mawanella,43,2340,,Mawanella Zahira National School - Hall No.3,22,2202974,2205538,,337401,339800,915526,915625
Kegalle,Kegalle,Mawanella,44,2183,,Mawanella Baduriya Central College - Hall No. 1,28,2208945,2209436,2207246,339801,342000,915626,915725
Kegalle,Kegalle,Mawanella,45,1507,,Mawanella Baduriya Central College - Hall No. 2,26,2267763,,,342001,343600,915726,915800
Kegalle,Kegalle,Mawanella,46,1436,,Kongamuwa Junior School,27,2206528,2201679,,343601,345100,915801,915875
Kegalle,Kegalle,Mawanella,47,1419,,Kongamuwa Sri Anomadassi society Hall,25,2207430,2206451,,345101,346600,915876,915950
Kegalle,Kegalle,Mawanella,48,1259,,Beminiwatta Maha Vidyalaya,24,2200533,,,346601,347900,915951,916025
Kegalle,Kegalle,Mawanella,49,1951,,Uyanwaththa Nooraniya Muslim Maha Vidyalaya,23,2202614,2200443,,347901,349900,916026,916125
Kegalle,Kegalle,Mawanella,50,1936,,Alpitiya Junior School,25,2208400,2201297,,349901,351900,916126,916225
Kegalle,Kegalle,Mawanella,51,1488,,Balawathgama Maha Vidyalaya,24,2202063,,,351901,353400,916226,916300
Kegalle,Kegalle,Mawanella,52,963,,Ginihappitiya Devi Balika Maha Vidyalaya,26,2206844,,,353401,354400,916301,916350
Kegalle,Kegalle,Mawanella,53,872,,Preaching Hall of Ambaregoda Bodhirajaramaya Viharaya,25,2200331,,,354401,355300,916351,916400
Kegalle,Kegalle,Mawanella,54,1461,,Palliporuwa Muslim Junior School Hall No 1,24,2206765,2208240,,355301,356800,916401,916475
Kegalle,Kegalle,Mawanella,55,1170,,Palliporuwa Muslim Junior School Hall No 2,23,2210008,2201174,,356801,358000,916476,916525
Kegalle,Kegalle,Mawanella,56,729,,Waadiyatenna Muslim Junior School,22,2202445,,,358001,358800,916526,916575
Kegalle,Kegalle,Mawanella,57,705,,Al Ashar Muslim Vidyalaya- Hijra Gama,22,2204649,,,358801,359600,916576,916625
Kegalle,Kegalle,Mawanella,58,1740,,Madulbowa Badibiya Muslim Maha Vidyalaya,26,2207326,2207645,,359601,361400,916626,916700
Kegalle,Kegalle,Mawanella,59,1656,,Kotegoda Muslim Vidyalaya,26,2202254,2203299,,361401,363100,916701,916775
Kegalle,Kegalle,Mawanella,60,1616,,Waduwawala Junior School,28,2204662,,,363101,364800,916776,916850
Kegalle,Kegalle,Mawanella,61,794,,Ambadeniya junior School,25,2209868,,,364801,365600,916851,916900
Kegalle,Kegalle,Mawanella,62,438,,Weragoda Primary School,28,2209378,,,365601,366100,916901,916925
Kegalle,Kegalle,Mawanella,63,1317,,Hemmathagama Nagaragiri Maha Vidyalaya - Hall No 01,27,2207111,2203918,,366101,367500,916926,917000
Kegalle,Kegalle,Mawanella,64,845,,Hemmathagama Nagaragiri Maha Vidyalaya - Hall No 02,27,2205077,,,367501,368400,917001,917050
Kegalle,Kegalle,Mawanella,65,1577,,Kehelpannala Junior School,28,2210109,,,368401,370000,917051,917125
Kegalle,Kegalle,Mawanella,66,834,,Ambalawa Community Hall,23,2207188,,,370001,370900,917126,917175
Kegalle,Kegalle,Mawanella,67,373,,DodanthaleSri perakum Primary School Hall No 02,25,2207064,,,370901,371300,917176,917200
Kegalle,Kegalle,Mawanella,68,299,,Preaching Hall of Karahampitigoda Keththarama Viharaya,27,2204954,,,371301,371600,917201,917225
Kegalle,Kegalle,Mawanella,69,703,,Thalgaspitiya Eksath Funeral welfareSociety Hall,22,2209881,,,371601,372400,917226,917275
Kegalle,Kegalle,Mawanella,70,582,,Yodagama Mediliya Rajamaha Viharaya,24,2201859,,,372401,373000,917276,917300
Kegalle,Kegalle,Mawanella,71,1086,,Bakulwala Junior School,23,2204334,2205044,,373001,374100,917301,917350
Kegalle,Kegalle,Mawanella,72,1590,,Thalgaspitiya Muslim Maha Vidyalaya,28,2209323,,,374101,375700,917351,917425
Kegalle,Kegalle,Galigamuwa,1,"1,618",,Thummuduna Junior School,8,2201231,2209948,,375701,377400,917426,917500
Kegalle,Kegalle,Galigamuwa,2,462,,Higgoda CommunityHall,11,2206091,,,377401,377900,917501,917525
Kegalle,Kegalle,Galigamuwa,3,771,,Kanangamuwa Rajasingha Maha Vidyalaya(Hall No.1),10,2200623,,,377901,378700,917526,917575
Kegalle,Kegalle,Galigamuwa,4,963,,Kanangamuwa Rajasingha Maha Vidyalaya(Hall No.2),9,2202434,,,378701,379700,917576,917625
Kegalle,Kegalle,Galigamuwa,5,"1,110",,Thannimale Buddhist Center,7,2208843,,,379701,380900,917626,917675
Kegalle,Kegalle,Galigamuwa,6,785,,Pittegama Junior School,8,2202074,,,380901,381700,917676,917725
Kegalle,Kegalle,Galigamuwa,7,741,,Getiyamulla Primary School,10,2204054,,,381701,382500,917726,917775
Kegalle,Kegalle,Galigamuwa,8,970,,Alawathura Somananda Piriwen Hall,11,2209163,,,382501,383500,917776,917825
Kegalle,Kegalle,Galigamuwa,9,501,,Ambuwakka Junior School,9,2205775,,,383501,384100,917826,917850
Kegalle,Kegalle,Galigamuwa,10,572,,Yatapana Junior School,7,2209482,,,384101,384700,917851,917875
Kegalle,Kegalle,Galigamuwa,11,405,,Samagipura Community Hall,8,2208763,,,384701,385200,917876,917900
Kegalle,Kegalle,Galigamuwa,12,"1,328",,Malwana Jayanthi Junior School,10,2202085,2204875,,385201,386600,917901,917975
Kegalle,Kegalle,Galigamuwa,13,"1,019",,Aruggammana Junior School,11,2204717,,,386601,387700,917976,918025
Kegalle,Kegalle,Galigamuwa,14,620,,PreachingHall of Karagala Viharaya,9,2201556,,,387701,388400,918026,918050
Kegalle,Kegalle,Galigamuwa,15,781,,Ampe Preaching Hall,7,2202287,,,388401,389200,918051,918100
Kegalle,Kegalle,Galigamuwa,16,"1,325",,Ampe Modal Junior School,8,2201782,2208364,,389201,390600,918101,918175
Kegalle,Kegalle,Galigamuwa,17,836,,Ruggahatenna Junior School,10,2209733,,,390601,391500,918176,918225
Kegalle,Kegalle,Galigamuwa,18,"1,581",,Preaching Hall of Atala Sri Bodhirukkaramaya,11,2207496,2205257,,391501,393100,918226,918300
Kegalle,Kegalle,Galigamuwa,19,"1,282",,Kurunagoda Community Hall,9,2204897,2210180,,393101,394400,918301,918375
Kegalle,Kegalle,Galigamuwa,20,"1,017",,Preaching Hall of South Malwana Shailamasthakaramaya,7,2200959,,,394401,395500,918376,918425
Kegalle,Kegalle,Galigamuwa,21,"1,019",,Kinigama Junior School,8,2208103,,,395501,396600,918426,918475
Kegalle,Kegalle,Galigamuwa,22,"1,886",,Iddamalpana Maha Vidyalaya,10,2203626,2202423,2205448,396601,398500,918476,918575
Kegalle,Kegalle,Galigamuwa,23,"1,890",,Arandara Junior School,11,2208854,2204346,,398501,400400,918576,918675
Kegalle,Kegalle,Galigamuwa,24,"1,669",,Pindeniya Vidya ChakrawarthiCentral College,9,2206991,2203749,,400401,402100,918676,918750
Kegalle,Kegalle,Galigamuwa,25,766,,Preaching Hall of UdugamaSri Visuddharama Viharaya,7,2203132,,,402101,402900,918751,918800
Kegalle,Kegalle,Galigamuwa,26,"1,170",,Boyagoda Vidyalaya,8,2267760,,,402901,404100,918801,918850
Kegalle,Kegalle,Galigamuwa,27,"1,278",,Hakahinna Maha Vidyalaya,10,2203874,2205437,,404101,405400,918851,918925
Kegalle,Kegalle,Galigamuwa,28,"1,050",,Kadigamuwa Bambaragama Junior School,11,2207068,,,405401,406500,918926,918975
Kegalle,Kegalle,Galigamuwa,29,"1,603",,Holombuwa Junior School,9,2201894,2208810,,406501,408200,918976,919050
Kegalle,Kegalle,Galigamuwa,30,"1,430",,Hakahinna Primary School,7,2201398,2209128,,408201,409700,919051,919125
Kegalle,Kegalle,Galigamuwa,31,"1,181",,Imbulgala Junior School,8,2210110,,,409701,410900,919126,919175
Kegalle,Kegalle,Galigamuwa,32,"1,241",,Damunupola Junior School,10,2205292,2207122,,410901,412200,919176,919225
Kegalle,Kegalle,Galigamuwa,33,694,,Preaching Hall of Atugoda Sri Bodhirukkarama Viharaya,11,2204471,,,412201,412900,919226,919275
Kegalle,Kegalle,Galigamuwa,34,"1,442",,Atugoda Sri Sumangala Maha Vidyalaya - Primary Division,9,2210032,2206361,,412901,414400,919276,919350
Kegalle,Kegalle,Galigamuwa,35,"1,068",,Center of yowun Senanga - Asideniya,7,2201905,,,414401,415500,919351,919400
Kegalle,Kegalle,Galigamuwa,36,"1,314",,Preaching Hall of Danduwalagane Viharaya,8,2207884,,,415501,416900,919401,919475
Kegalle,Kegalle,Galigamuwa,37,"1,397",,Boyagama Perakumba Maha Vidyalaya,10,2203929,2209152,,416901,418300,919476,919550
Kegalle,Kegalle,Galigamuwa,38,612,,Bisowela Community hall,11,2206708,,,418301,419000,919551,919575
Kegalle,Kegalle,Galigamuwa,39,"1,455",,Galigamuwa Junior School,9,2204212,2204379,,419001,420500,919576,919650
Kegalle,Kegalle,Galigamuwa,40,"1,227",,Palapoluwa Junior School,7,2206282,,,420501,421800,919651,919700
Kegalle,Kegalle,Galigamuwa,41,"1,316",,Yatalathissa Junior School,8,2206539,2204414,,421801,423200,919701,919775
Kegalle,Kegalle,Galigamuwa,42,580,,Dammala Primary School,10,2207920,,,423201,423800,919776,919800
Kegalle,Kegalle,Galigamuwa,43,"1,364",,Kobbewala Keerthirathna Maha Vidyalaya,11,2206271,2202939,,423801,425200,919801,919875
Kegalle,Kegalle,Galigamuwa,44,"1,157",,Ballapana Pathabage Society Hall,9,2202952,2206326,,425201,426400,919876,919925
Kegalle,Kegalle,Galigamuwa,45,"2,048",,Preaching Hall ofMedagodalanda Siri Siddartharamaya,7,2206675,2207024,,426401,428500,919926,920025
Kegalle,Kegalle,Galigamuwa,46,"1,070",,Hathnagoda Junior School,8,2207758,,,428501,429600,920026,920075
Kegalle,Kegalle,Galigamuwa,47,"1,128",,Nawagamuwa Junior School,10,2208717,2202759,,429601,430800,920076,920125
Kegalle,Kegalle,Galigamuwa,48,983,,Makuddala Junior School,11,2206923,,,430801,431800,920126,920175
Kegalle,Kegalle,Galigamuwa,49,"1,074",,Preaching Hall of Walagamba Gallen Viharaya,9,2203762,2205393,,431801,432900,920176,920225
Kegalle,Kegalle,Galigamuwa,50,"1,435",,Bamunugama Maliyadewa Junior School,7,2200555,,,432901,434400,920226,920300
Kegalle,Kegalle,Galigamuwa,51,930,,Preaching Hall of Jeewana Viharaya,8,2205167,,,434401,435400,920301,920350
Kegalle,Kegalle,Galigamuwa,52,"1,233",,Edurapotha PrimarySchool,10,2210168,2203029,,435401,436700,920351,920400
Kegalle,Kegalle,Galigamuwa,53,794,,Edurapotha Sadharthodaya Pirivan Hall,10,2209722,,,436701,437500,920401,920450
Kegalle,Kegalle,Galigamuwa,54,"1,580",,Panakawa Maha Vidyalaya,9,2203334,2201062,,437501,439100,920451,920525
Kegalle,Kegalle,Galigamuwa,55,"1,200",,Kandegedara Junior School,7,2201229,2202502,,439101,440300,920526,920575
Kegalle,Kegalle,Galigamuwa,56,"1,084",,Walagama Roman CatholicJunior School,8,2207046,2208592,,440301,441400,920576,920625
Kegalle,Kegalle,Galigamuwa,57,889,,Godapola CommunityHall,7,2208923,,,441401,442300,920626,920675
Kegalle,Kegalle,Galigamuwa,58,574,,Fair Field Community Hall,8,2204908,,,442301,442900,920676,920700
Kegalle,Kegalle,Galigamuwa,59,"1,407",,Batuwaththa Junior School,11,2210173,,,442901,444400,920701,920775
Kegalle,Kegalle,Galigamuwa,60,"1,450",,Preaching Hall Helamada Ganekanda Purana Viharaya,11,2202456,,,444401,445900,920776,920850
Kegalle,Kegalle,Kegalle,1,1561,,Kalugalla Rural Development Society Hall,12,2209620,2204302,,445901,447500,920851,920925
Kegalle,Kegalle,Kegalle,2,1237,,Karandupana Community Hall,12,2210104,,,447501,448800,920926,920975
Kegalle,Kegalle,Kegalle,3,983,,Udakarandupona Junior School,14,2205821,,,448801,449800,920976,921025
Kegalle,Kegalle,Kegalle,4,1740,,Puwakdeniya Junior School,14,2209538,2203571,,449801,451600,921026,921100
Kegalle,Kegalle,Kegalle,5,1266,,Preaching Hall of Randeniya Dharmakusala Viharaya,16,2209786,,,451601,452900,921101,921175
Kegalle,Kegalle,Kegalle,6,1021,,Dimbulgamuwa Junior School,16,2202603,,,452901,454000,921176,921225
Kegalle,Kegalle,Kegalle,7,1007,,Deewela Maha Vidyalaya - Hall No. 01,15,2216164,,,454001,455100,921226,921275
Kegalle,Kegalle,Kegalle,8,1322,,Preaching Of Eavunugalla Viharaya,15,2207133,2206967,,455101,456500,921276,921350
Kegalle,Kegalle,Kegalle,9,1054,,Deewela Maha Vidyalaya - Hall No. 02,13,2200151,,,456501,457600,921351,921400
Kegalle,Kegalle,Kegalle,10,789,,Alapalawala Maha Vidyalaya,13,2204291,,,457601,458400,921401,921450
Kegalle,Kegalle,Kegalle,11,1129,,Alapalawala Sri Ghanathilaka Pirivana,12,2209790,,,458401,459600,921451,921500
Kegalle,Kegalle,Kegalle,12,1116,,Udumagama Junior School,12,2203593,,,459601,460800,921501,921550
Kegalle,Kegalle,Kegalle,13,772,,Wadupola Primary School,14,2210165,,,460801,461600,921551,921600
Kegalle,Kegalle,Kegalle,14,1039,,Hettimulla New Juniour School,14,2203413,,,461601,462700,921601,921650
Kegalle,Kegalle,Kegalle,15,1237,,Minuwangamuwa Junior School,16,2204447,,,462701,464000,921651,921700
Kegalle,Kegalle,Kegalle,16,1041,,Ekiriyagala Junior School,16,2208114,,,464001,465100,921701,921750
Kegalle,Kegalle,Kegalle,17,864,,Dikkohupitiya Vidya Niwasa Pirivena,15,2200127,,,465101,466000,921751,921800
Kegalle,Kegalle,Kegalle,18,1002,,Preaching Hall of Ekiriyagala Sri Mudalindaramaya,15,2207793,,,466001,467100,921801,921850
Kegalle,Kegalle,Kegalle,19,759,,Preaching Hall of Koththannagoda Sri DharmodayaramaViharaya,13,2207202,,,467101,467900,921851,921900
Kegalle,Kegalle,Kegalle,20,2096,,Preaching Hall of Udamba Siyambalapitiya Boomalu Viharaya,13,2204684,2200419,,467901,470000,921901,922000
Kegalle,Kegalle,Kegalle,21,1298,,Pussella Gamini Junior School,12,2206721,,,470001,471300,922001,922075
Kegalle,Kegalle,Kegalle,22,1900,,Daham Pasal Building of Olagankanda Sama Viharaya,12,2202636,,,471301,473200,922076,922175
Kegalle,Kegalle,Kegalle,23,2299,,Ranwala Mahanaga Maha Vidyalaya Hall No. 01,14,2209460,2209618,,473201,475500,922176,922275
Kegalle,Kegalle,Kegalle,24,665,,Preaching Hall of Ambanpitiya Sri shuvi Sudhdharamaya,14,2207270,,,475501,476200,922276,922325
Kegalle,Kegalle,Kegalle,25,1284,,Office of executive Engineer- Abanpitiya,16,2204831,2207975,,476201,477500,922326,922400
Kegalle,Kegalle,Kegalle,26,1572,,Beragala Junior School - Hall No 01,16,2209265,2200645,,477501,479100,922401,922475
Kegalle,Kegalle,Kegalle,27,876,,Beragala Junior School - Hall No 02,15,2202535,,,479101,480000,922476,922525
Kegalle,Kegalle,Kegalle,28,1120,,Thibbatumunuwa Sri Sudharshanaramaya,15,2204752,,,480001,481200,922526,922575
Kegalle,Kegalle,Kegalle,29,1010,,Hettimulla Bandaranayaka Junior School,13,2201624,,,481201,482300,922576,922625
Kegalle,Kegalle,Kegalle,30,1002,,Hettimulla Bandaranayaka Maha Vidyalaya,13,2205876,,,482301,483400,922626,922675
Kegalle,Kegalle,Kegalle,31,729,,Dik Ella JanapadayaJunior School,15,2201095,,,483401,484200,922676,922725
Kegalle,Kegalle,Kegalle,32,1583,,Paragammana Dharmapala Junior School,12,2208301,2200408,,484201,485800,922726,922800
Kegalle,Kegalle,Kegalle,33,1063,,Waldeniya Sri Pushparama Viharasthanaya,14,2201714,,,485801,486900,922801,922850
Kegalle,Kegalle,Kegalle,34,455,,Godigamuwa Mahesh Indikarama Viharaya,13,2208080,,,486901,487400,922851,922875
Kegalle,Kegalle,Kegalle,35,1286,,Hapuwita Pallegama Junior School - Old Building,16,2203492,2207997,,487401,488700,922876,922950
Kegalle,Kegalle,Kegalle,36,1207,,Wathura Sri Lanka Junior School,16,2204583,,,488701,490000,922951,923000
Kegalle,Kegalle,Kegalle,37,916,,Preaching Hall of Thalewela Abhinawarama Viharaya,14,2208227,,,490001,491000,923001,923050
Kegalle,Kegalle,Kegalle,38,1235,,Preaching Hall of Bulugahadeniya Sri Vithanarama Viharaya,15,2205415,,,491001,492300,923051,923100
Kegalle,Kegalle,Kegalle,39,875,,Meedeniya Sri SangabodhiMaha Viharaya,13,2203481,,,492301,493200,923101,923150
Kegalle,Kegalle,Kegalle,40,987,,Meedeniya Maha Vidyalaya,13,2206686,,,493201,494200,923151,923200
Kegalle,Kegalle,Kegalle,41,1554,,Preaching Hall of Malawita Sri Bodhirukkaramaya,12,2207463,2206113,,494201,495800,923201,923275
Kegalle,Kegalle,Kegalle,42,1208,,Hungampola Maha Vidyalaya,12,2202129,,,495801,497100,923276,923325
Kegalle,Kegalle,Kegalle,43,959,,Hungampola Junior School,14,2210186,,,497101,498100,923326,923375
Kegalle,Kegalle,Kegalle,44,1096,,Undugoda Tamil School,14,2206045,,,498101,499200,923376,923425
Kegalle,Kegalle,Kegalle,45,680,,Moradana Maha Vidyalaya,16,2202873,,,499201,499900,923426,923475
Kegalle,Kegalle,Kegalle,46,1388,,Eregama Junior School,16,2206596,2205617,,499901,501300,923476,923550
Kegalle,Kegalle,Kegalle,47,789,,Athurupana Rural Development Society Hall,15,2209287,,,501301,502100,923551,923600
Kegalle,Kegalle,Kegalle,48,1342,,Preaching Hall of Ehembiliyawaka Viharaya,15,2205279,,,502101,503500,923601,923675
Kegalle,Kegalle,Kegalle,49,1208,,Mabopitiya Central Collage,13,2207252,,,503501,504800,923676,923725
Kegalle,Kegalle,Kegalle,50,1384,,Primary School Buildingof Mabopitiya Central Collage,13,2207031,2206293,,504801,506200,923726,923800
Kegalle,Kegalle,Kegalle,51,825,,Ranwala Mahanaga Maha Vidyalaya Hall No. 02,12,2206438,,,506201,507100,923801,923850
Kegalle,Kegalle,Kegalle,52,945,,Sisilagama Community Hall,12,2203042,,,507101,508100,923851,923900
Kegalle,Kegalle,Kegalle,53,744,,Kegalle St. Mary's Maha Vidyalaya,14,2202243,,,508101,508900,923901,923950
Kegalle,Kegalle,Kegalle,54,1110,,Preaching Hall of Wewaladeniya Viharaya,14,2200667,,,508901,510100,923951,924000
Kegalle,Kegalle,Kegalle,55,803,,Walagamba Junior School - Kegalle,16,2207097,,,510101,511000,924001,924050
Kegalle,Kegalle,Kegalle,56,1138,,Kegalle Town Hall Building,16,2202142,,,511001,512200,924051,924100
Kegalle,Kegalle,Kegalle,57,1265,,Preaching Hall of Madeiyawa Tharanagala Viharaya,15,2210101,,,512201,513500,924101,924175
Kegalle,Kegalle,Kegalle,58,1030,,St. Mary's Maha Vidyalaya Primary Section - Meepitiya,14,2201409,,,513501,514600,924176,924225
Kegalle,Kegalle,Kegalle,59,1072,,Rock Hill Community Hall,13,2200983,,,514601,515700,924226,924275
Kegalle,Kegalle,Kegalle,60,1759,,Kegalu Balika Maha Vidyalaya,13,2205235,2201286,,515701,517500,924276,924350
Kegalle,Kegalle,Kegalle,61,1085,,Kegalu Maha Vidyalaya,15,2205731,,,517501,518600,924351,924400
Kegalle,Kegalle,Kegalle,62,1402,,Kegalle St.Joseph's Balika Maha Vidyalaya,15,2208411,2203503,,518601,520100,924401,924475
Kegalle,Kegalle,Rambukkana,1,920,,Udanwita Maha Vidyalaya,18,2209697,,,520101,521100,924476,924525
Kegalle,Kegalle,Rambukkana,2,784,,Dombemada Junior School,18,2205753,,,521101,521900,924526,924575
Kegalle,Kegalle,Rambukkana,3,963,,School Building of Kudagama Swargarohana Church,17,2202671,,,521901,522900,924576,924625
Kegalle,Kegalle,Rambukkana,4,1129,,Udagaladeniya Walagamba Maha Vidyalaya,17,2203896,,,522901,524100,924626,924675
Kegalle,Kegalle,Rambukkana,5,1196,,Kotawella Junior School,19,2207452,2200836,,524101,525300,924676,924725
Kegalle,Kegalle,Rambukkana,6,1703,,Gabbala Sirisangabo Maha Vidyalaya,18,2209356,2203424,,525301,527100,924726,924800
Kegalle,Kegalle,Rambukkana,7,1208,,Parape Maha Vidyalaya,20,2203233,,,527101,528400,924801,924850
Kegalle,Kegalle,Rambukkana,8,788,,Preaching Hall of Parape Pahalagama sri Vishudhdharama Purana viharaya,17,2205988,,,528401,529200,924851,924900
Kegalle,Kegalle,Rambukkana,9,914,,Alugolla Primary School,20,2203053,,,529201,530200,924901,924950
Kegalle,Kegalle,Rambukkana,10,1679,,Pitawela Roman Catholic Vidyalaya,19,2209937,2204357,,530201,531900,924951,925025
Kegalle,Kegalle,Rambukkana,11,1312,,Puwakmote Dharmapala Maha Vidyalaya,17,2203525,,,531901,533300,925026,925100
Kegalle,Kegalle,Rambukkana,12,1198,,Preaching Hall of Walgama Sri Wardhanarama Viharaya,17,2200476,2209893,,533301,534500,925101,925150
Kegalle,Kegalle,Rambukkana,13,1041,,Thismalpola Junior School,18,2209447,,,534501,535600,925151,925200
Kegalle,Kegalle,Rambukkana,14,1038,,Padiwigampola Society hall,20,2203356,2206631,,535601,536700,925201,925250
Kegalle,Kegalle,Rambukkana,15,1032,,Deliwala Thissa Junior School,21,2204223,2206888,,536701,537800,925251,925300
Kegalle,Kegalle,Rambukkana,16,1475,,Weligamuwa Junior School - Hall No 01,18,2203659,2210102,,537801,539300,925301,925375
Kegalle,Kegalle,Rambukkana,17,1025,,Weligamuwa Junior School - Hall No 02,19,2202377,2201332,,539301,540400,925376,925425
Kegalle,Kegalle,Rambukkana,18,865,,Ihala Walpola Primary School,20,2203536,,,540401,541300,925426,925475
Kegalle,Kegalle,Rambukkana,19,1322,,Walalgoda Maha Vidyalaya,21,2206269,2209187,,541301,542700,925476,925550
Kegalle,Kegalle,Rambukkana,20,1483,,Preaching Hall of Walalgoda Sri Wardanarama Purana Viharaya,21,2202658,2208898,,542701,544200,925551,925625
Kegalle,Kegalle,Rambukkana,21,964,,Kiriwallapitiya Ashoka Maha Vidyalaya Hall No 01,19,2204504,,,544201,545200,925626,925675
Kegalle,Kegalle,Rambukkana,22,983,,Kiriwallapitiya Ashoka Maha Vidyalaya Hall No 02,21,2205145,2206304,,545201,546200,925676,925725
Kegalle,Kegalle,Rambukkana,23,1288,,White Coir Factory Industry of Walkotuwawatta,20,2202478,2205483,,546201,547500,925726,925800
Kegalle,Kegalle,Rambukkana,24,1934,,Hurimaluwa Darul Ulum Muslim Maha Vidyalaya,17,2203119,2200994,,547501,549500,925801,925900
Kegalle,Kegalle,Rambukkana,25,1516,,Sujatha Junior School - Daluggala,17,2201703,,,549501,551100,925901,925975
Kegalle,Kegalle,Rambukkana,26,947,,Rambukkana Parakrama Junior School (Hall No.1),18,2201499,,,551101,552100,925976,926025
Kegalle,Kegalle,Rambukkana,27,1433,,Rambukkana Parakrama Junior School (Hall No.2),19,2206337,,,552101,553600,926026,926100
Kegalle,Kegalle,Rambukkana,28,1464,,Muwapitiya Maha Vidyalaya,20,2208477,,,553601,555100,926101,926175
Kegalle,Kegalle,Rambukkana,29,1472,,Preaching Hall of Kotagama Purana Viharaya,21,2207213,2200915,,555101,556600,926176,926250
Kegalle,Kegalle,Rambukkana,30,1520,,Hiriwadunna Maha Vidyalaya,19,2210100,2208637,,556601,558200,926251,926325
Kegalle,Kegalle,Rambukkana,31,1129,,Pinnawala Central Collage,21,2208238,2209700,,558201,559400,926326,926375
Kegalle,Kegalle,Rambukkana,32,1182,,Preaching Hall of Medagodella Sri SumanaramaViharaya,18,2204313,,,559401,560600,926376,926425
Kegalle,Kegalle,Rambukkana,33,812,,Nawagamuwa Purana Viharaya,17,2208262,,,560601,561500,926426,926475
Kegalle,Kegalle,Rambukkana,34,1220,,Halpitiya Weaving Center,17,2207576,2208821,,561501,562800,926476,926525
Kegalle,Kegalle,Rambukkana,35,1088,,Naranbedda Junior School,21,2201264,2201534,,562801,563900,926526,926575
Kegalle,Kegalle,Rambukkana,36,1217,,Kiulpana Maha Vidyalaya,20,2204144,,,563901,565200,926576,926625
Kegalle,Kegalle,Rambukkana,37,1337,,Galpola Junior School,19,2203479,,,565201,566600,926626,926700
Kegalle,Kegalle,Rambukkana,38,1428,,Molagoda Primary School - Hall No 01,21,2200634,2205909,,566601,568100,926701,926775
Kegalle,Kegalle,Rambukkana,39,970,,Molagoda Primary School - Hall No 02,19,2206236,2208273,,568101,569100,926776,926825
Kegalle,Kegalle,Rambukkana,40,1409,,Mangalagama Junior School,21,2201635,2201567,,569101,570600,926826,926900
Kegalle,Kegalle,Rambukkana,41,1360,,Mologoda Jayapala Maha Vidyalaya,21,2207417,2204739,,570601,572000,926901,926975
Kegalle,Kegalle,Rambukkana,42,1832,,Pitiyegama Maha Vidyalaya,20,2206743,2209915,,572001,573900,926976,927050
Kegalle,Kegalle,Rambukkana,43,980,,Dunukewala Maha Vidyalaya,20,2206776,,,573901,574900,927051,927100
Kegalle,Kegalle,Rambukkana,44,1211,,Kadigamuwa Vidyathilaka Junior School,19,2210188,2210187,,574901,576200,927101,927150
Kegalle,Kegalle,Rambukkana,45,820,,Preaching Hall of Udugama Sri Bodirukkarama Viharaya,18,2204267,,,576201,577100,927151,927200
Kegalle,Kegalle,Rambukkana,46,1248,,Halagiriya Junior School,20,2207691,,,577101,578400,927201,927250
Kegalle,Kegalle,Rambukkana,47,1203,,Beddewala Maha Vidyalaya,17,2200061,2200088,,578401,579700,927251,927300
Kegalle,Kegalle,Rambukkana,48,1427,,Uduhuruwa Muslim Junior School,17,2203784,,,579701,581200,927301,927375
Kegalle,Kegalle,Rambukkana,49,1527,,Henepola Olcott Junior School,19,2208045,2205371,,581201,582800,927376,927450
Kegalle,Kegalle,Rambukkana,50,1402,,Kehelwathugoda Community Hall,18,2207747,,,582801,584300,927451,927525
Kegalle,Kegalle,Rambukkana,51,1003,,Ambuwangala Junior School,20,2206405,,,584301,585400,927526,927575
Kegalle,Kegalle,Rambukkana,52,1299,,Sooriyapura Community Hall - Sooriyapura,18,2209403,,,585401,586700,927576,927650
Kegalle,Kegalle,Rambukkana,53,1637,,Morogolla Community Hall,18,2203323,,,586701,588400,927651,927725
Kegalle,Kegalle,Yatiyantota,1,1403,,Yatiyanthota Siriwardhana Maha Vidyalaya,34,2200768,2203558,,588401,589900,927726,927800
Kegalle,Kegalle,Yatiyantota,2,1249,,Mahavila Vidyalaya,36,2201163,2210178,,589901,591200,927801,927850
Kegalle,Kegalle,Yatiyantota,3,1361,,Preaching Hall of Yatiyanthota Sri Nandarama Viharaya,37,2204797,2208158,,591201,592600,927851,927925
Kegalle,Kegalle,Yatiyantota,4,1882,,Kabulumulla Maha Vidyalaya,38,2202006,2201747,,592601,594500,927926,928025
Kegalle,Kegalle,Yatiyantota,5,1057,,Kelani Tamil Vidyalaya - Kelani waththa,35,2209972,2200329,,594501,595600,928026,928075
Kegalle,Kegalle,Yatiyantota,6,1048,,Parussella Community Hall,33,2205112,,,595601,596700,928076,928125
Kegalle,Kegalle,Yatiyantota,7,1853,,Galpatha Junior School,33,2207508,2210107,,596701,598600,928126,928200
Kegalle,Kegalle,Yatiyantota,8,1262,,Matthamagoda Rathnawali Maha Vidyalaya,34,2203751,,,598601,599900,928201,928275
Kegalle,Kegalle,Yatiyantota,9,1462,,Epitagammedda Junior School,35,2201275,2203121,,599901,601400,928276,928350
Kegalle,Kegalle,Yatiyantota,10,979,,Maththamagoda Al Akeel Maha Vidyalaya,36,2209824,2202985,,601401,602400,928351,928400
Kegalle,Kegalle,Yatiyantota,11,1744,,Garagoda Muslim Vidyalaya - Hall No.1,35,2209857,2203672,,602401,604200,928401,928475
Kegalle,Kegalle,Yatiyantota,12,1083,,Garagoda Muslim Vidyalaya - Hall No.2,37,2200724,2204335,,604201,605300,928476,928525
Kegalle,Kegalle,Yatiyantota,13,809,,Garagoda Sinhala Vidyalaya,33,2201736,,,605301,606200,928526,928575
Kegalle,Kegalle,Yatiyantota,14,1419,,Panawatta Tamil Maha Vidyalaya,33,2208865,2209527,,606201,607700,928576,928650
Kegalle,Kegalle,Yatiyantota,15,808,,Pelellegama Vidyalaya,34,2207678,,,607701,608600,928651,928700
Kegalle,Kegalle,Yatiyantota,16,901,,Berannawa Maha Vidyalaya,35,2210087,2206629,,608601,609600,928701,928750
Kegalle,Kegalle,Yatiyantota,17,1443,,Seepoth Senanayaka Vidyalaya,37,2210010,,,609601,611100,928751,928825
Kegalle,Kegalle,Yatiyantota,18,906,,Amanawala Gamini Junior School,38,2244594,,,611101,612100,928826,928875
Kegalle,Kegalle,Yatiyantota,19,1065,,DombepolaJunior School,38,2205325,,,612101,613200,928876,928925
Kegalle,Kegalle,Yatiyantota,20,1519,,Malalpola Maha Vidyalaya,34,2209562,2201826,,613201,614800,928926,929000
Kegalle,Kegalle,Yatiyantota,21,1392,,Ingiriyawatta Maha Vidyalaya,35,2206001,2206225,,614801,616200,929001,929075
Kegalle,Kegalle,Yatiyantota,22,1257,,GonagamuwaJunior School,33,2200847,2207918,,616201,617500,929076,929150
Kegalle,Kegalle,Yatiyantota,23,1047,,PolpitiyaJunior School,33,2210158,,,617501,618600,929151,929200
Kegalle,Kegalle,Yatiyantota,24,922,,Neluwathukanda Primary School,36,2209391,2206034,,618601,619600,929201,929250
Kegalle,Kegalle,Yatiyantota,25,376,,Wewiyathalawa Vidyalaya,37,2208135,,,619601,620000,929251,929275
Kegalle,Kegalle,Yatiyantota,26,670,,Athula Uda Junior School,38,2205101,,,620001,620700,929276,929325
Kegalle,Kegalle,Yatiyantota,27,931,,Mahabage Junior School,34,2209083,,,620701,621700,929326,929375
Kegalle,Kegalle,Yatiyantota,28,1309,,KirikohuthennaJunior School,35,2208535,2203378,,621701,623100,929376,929450
Kegalle,Kegalle,Yatiyantota,29,1709,,Kithulgala Primary Boys School,37,2204943,,,623101,624900,929451,929525
Kegalle,Kegalle,Yatiyantota,30,805,,Kithulgala Kalyani Maha Vidyalaya,33,2206853,,,624901,625800,929526,929575
Kegalle,Kegalle,Yatiyantota,31,947,,Batahenkanda Rankekulu Nursury School,33,2202579,,,625801,626800,929576,929625
Kegalle,Kegalle,Yatiyantota,32,939,,Preaching Hall of Hel Aramba Sri Bodhirukkaramaya,37,2201218,,,626801,627800,929626,929675
Kegalle,Kegalle,Yatiyantota,33,326,,Koskandahena Community Hall,38,2204987,,,627801,628200,929676,929700
Kegalle,Kegalle,Yatiyantota,34,1127,,New Polatagama Tamil School,36,2202625,2200072,,628201,629400,929701,929750
Kegalle,Kegalle,Yatiyantota,35,1088,,VeeoyaJunior School,35,2210161,2207725,,629401,630500,929751,929800
Kegalle,Kegalle,Yatiyantota,36,1597,,WelihelathennaJunior School,34,2209777,2209774,,630501,632100,929801,929875
Kegalle,Kegalle,Yatiyantota,37,1320,,HakbellawakaJunior School,34,2200735,2203654,,632101,633500,929876,929950
Kegalle,Kegalle,Yatiyantota,38,1565,,GanepallaJunior School,33,2208887,2201411,,633501,635100,929951,930025
Kegalle,Kegalle,Yatiyantota,39,495,,Veeragalla Rural Development Society Hall,33,2203727,,,635101,635600,930026,930050
Kegalle,Kegalle,Yatiyantota,40,927,,Preaching Hall of Nawata Sri Sumanaramaya,37,2201253,,,635601,636600,930051,930100
Kegalle,Kegalle,Yatiyantota,41,870,,HathagodaJunior School,34,2210194,,,636601,637500,930101,930150
Kegalle,Kegalle,Yatiyantota,42,951,,Kiriporuwa Community Hall,38,2209584,,,637501,638500,930151,930200
Kegalle,Kegalle,Yatiyantota,43,1360,,Panapitiya Rural Development Society Hall,38,2204605,2200566,,638501,639900,930201,930275
Kegalle,Kegalle,Yatiyantota,44,681,,Hapugammana Funeral welfare Society Hall,34,2204937,,,639901,640600,930276,930325
Kegalle,Kegalle,Yatiyantota,45,1929,,Pannala Maha Vidyalaya,36,2207634,2202265,,640601,642600,930326,930425
Kegalle,Kegalle,Yatiyantota,46,1512,,Preaching Hall of Halloluwa Bodhirukkarama Viharaya,36,2203582,2206372,,642601,644200,930426,930500
Kegalle,Kegalle,Yatiyantota,47,715,,Ambamalla Junior School,35,2205189,,,644201,645000,930501,930550
Kegalle,Kegalle,Yatiyantota,48,869,,Poonahela Funeral Welfare Society Hall,34,2207018,,,645001,645900,930551,930600
Kegalle,Kegalle,Yatiyantota,49,1370,,WegallaJunior School,36,2210112,2208455,,645901,647300,930601,930675
Kegalle,Kegalle,Yatiyantota,50,669,,Poonahela Sri Sudharshanarama Viharaya,35,2201073,,,647301,648000,930676,930725
Kegalle,Kegalle,Yatiyantota,51,1569,,Yak Ella Seelananda Maha Vidyalaya,37,2205358,2202131,,648001,649600,930726,930800
Kegalle,Kegalle,Yatiyantota,52,1550,,Preaching Hall of Bulathkohupitiya Sugatha Visuddharama Viharaya,38,2201242,2207838,,649601,651200,930801,930875
Kegalle,Kegalle,Yatiyantota,53,1353,,Kendawa Primary School,38,2208331,,,651201,652600,930876,930950
Kegalle,Kegalle,Yatiyantota,54,1213,,NarangalaJunior School,36,2205009,2207986,,652601,653900,930951,931000
Kegalle,Kegalle,Yatiyantota,55,677,,ThunbageMaha Vidyalaya,37,2202592,,,653901,654600,931001,931050
Kegalle,Kegalle,Yatiyantota,56,1233,,Preaching Hall of Udapotha Keerthiyarama Viharaya,37,2205268,2208422,,654601,655900,931051,931100
Kegalle,Kegalle,Yatiyantota,57,1096,,UrumeewalaJunior School,38,2201613,,,655901,657000,931101,931150
Kegalle,Kegalle,Yatiyantota,58,1031,,Newsmeer Pahala Junior School,35,2200173,2205213,,657001,658100,931151,931200
Kegalle,Kegalle,Yatiyantota,59,1175,,Newsmeer Ihala Primary School,38,2209243,,,658101,659300,931201,931250
Kegalle,Kegalle,Yatiyantota,60,734,,Yatideriya Estate Tamil Vidyalaya,36,2208650,,,659301,660100,931251,931300
Kegalle,Kegalle,Yatiyantota,61,673,,The Multypurpose Building - Close to theSooriya Malgama Transformer,34,2210163,,,660101,660800,931301,931350
Kegalle,Kegalle,Yatiyantota,62,1258,,Rangalla Maha Vidyalaya,33,2204199,2207587,,660801,662100,931351,931425
Kegalle,Kegalle,Yatiyantota,63,929,,Uduwa Sri Saddananda Maha Vidyalaya,35,2202039,2210191,,662101,663100,931426,931475
Kegalle,Kegalle,Yatiyantota,64,881,,Dedugala Maha Vidyalaya,37,2207079,,,663101,664000,931476,931525
Kegalle,Kegalle,Yatiyantota,65,507,,Preaching Hall of Neluwakkana Sri Sudharmaramaya,34,2203018,,,664001,664600,931526,931550
Kegalle,Kegalle,Yatiyantota,66,971,,Ihala PelempitiyaJunior School,36,2207703,2206124,,664601,665600,931551,931600
Kegalle,Kegalle,Yatiyantota,67,466,,Kandal Oya Tamil Vidyalaya,36,2203931,,,665601,666100,931601,931625
Kegalle,Kegalle,Ruwanwella,1,875,,Basnagoda Junior School,40,2206484,,,666101,667000,931626,931675
Kegalle,Kegalle,Ruwanwella,2,906,,Mahakanda Junior School,41,2207020,2202322,,667001,668000,931676,931725
Kegalle,Kegalle,Ruwanwella,3,745,,Walgampatha Junior School,39,2209551,,,668001,668800,931726,931775
Kegalle,Kegalle,Ruwanwella,4,1120,,Preaching Hall of Morathota Sri Dammakkanda Viharaya,39,2208796,,,668801,670000,931776,931825
Kegalle,Kegalle,Ruwanwella,5,674,,Dunumala K.B.Rajapaksha Junior School,40,2210183,,,670001,670700,931826,931875
Kegalle,Kegalle,Ruwanwella,6,562,,Kithalangamuwa Junior School,42,2207964,,,670701,671300,931876,931900
Kegalle,Kegalle,Ruwanwella,7,667,,Galapitamada Walagamba Maha Vidyalaya,43,2209312,,,671301,672000,931901,931950
Kegalle,Kegalle,Ruwanwella,8,1074,,Preaching Hall of Imbulgoda Kettarama Viharaya,43,2209631,2205911,,672001,673100,931951,932000
Kegalle,Kegalle,Ruwanwella,9,540,,Kadigamuwa Junior School,44,2206798,,,673101,673700,932001,932025
Kegalle,Kegalle,Ruwanwella,10,922,,Lewangama Sri Sadanandharama Pirivena,41,2205426,2200803,,673701,674700,932026,932075
Kegalle,Kegalle,Ruwanwella,11,551,,Kotalugodakanda Junior School,40,2200601,,,674701,675300,932076,932100
Kegalle,Kegalle,Ruwanwella,12,1070,,Lewangama young menBuddhistAssociation Hall,40,2201984,2209892,,675301,676400,932101,932150
Kegalle,Kegalle,Ruwanwella,13,748,,Raththagala Junior School,39,2205989,,,676401,677200,932151,932200
Kegalle,Kegalle,Ruwanwella,14,1748,,Imbulana Sri Sena Maha Vidyalaya,39,2204706,2205123,,677201,679000,932201,932275
Kegalle,Kegalle,Ruwanwella,15,1304,,Indurana Junior School,41,2208284,2205639,,679001,680400,932276,932350
Kegalle,Kegalle,Ruwanwella,16,1834,,WaharakaCentral College,42,2202737,2208661,,680401,682300,932351,932425
Kegalle,Kegalle,Ruwanwella,17,1299,,Puranpoththa Junior School,43,2200746,,,682301,683600,932426,932500
Kegalle,Kegalle,Ruwanwella,18,1134,,Wahakula Junior School,44,2206901,,,683601,684800,932501,932550
Kegalle,Kegalle,Ruwanwella,19,1103,,Mahipala Herath Model Primary School - Amithirigala North,44,2208956,,,684801,686000,932551,932600
Kegalle,Kegalle,Ruwanwella,20,1170,,Amithirigala South Maha Vidyalaya,41,2208730,2205202,,686001,687200,932601,932650
Kegalle,Kegalle,Ruwanwella,21,921,,Preaching Hall of Medagoda Sri Nandanarama Viharaya,39,2204515,,,687201,688200,932651,932700
Kegalle,Kegalle,Ruwanwella,22,317,,Kudagama Junior School,39,2209950,,,688201,688600,932701,932725
Kegalle,Kegalle,Ruwanwella,23,384,,Batuwita Maha Vidyayala,40,2206023,,,688601,689000,932726,932750
Kegalle,Kegalle,Ruwanwella,24,865,,Udakanugala Rural Development Society Hall,42,2203446,,,689001,689900,932751,932800
Kegalle,Kegalle,Ruwanwella,25,1429,,Pallekanugala Junior School,43,2207840,,,689901,691400,932801,932875
Kegalle,Kegalle,Ruwanwella,26,1449,,Gonagala North Junior School,40,2205099,,,691401,692900,932876,932950
Kegalle,Kegalle,Ruwanwella,27,1344,,Gonagala Maha Vidyalaya,44,2202041,2207942,,692901,694300,932951,933025
Kegalle,Kegalle,Ruwanwella,28,739,,Preaching Hall of Weddawala Sudarshanarama Viharayaya,41,2205832,,,694301,695100,933026,933075
Kegalle,Kegalle,Ruwanwella,29,932,,Moraliya Junior School,42,2267764,,,695101,696100,933076,933125
Kegalle,Kegalle,Ruwanwella,30,994,,Preaching Hall of Ihala Morawatta Sri Wikrama Rajasingharama Viharaya,43,2201038,,,696101,697100,933126,933175
Kegalle,Kegalle,Ruwanwella,31,947,,Preaching Hall of Morawatta Sri DharmathilakaramaViharaya,43,2203255,2208353,,697101,698100,933176,933225
Kegalle,Kegalle,Ruwanwella,32,665,,Erepolamulla Junior School,44,2209061,,,698101,698800,933226,933275
Kegalle,Kegalle,Ruwanwella,33,844,,Mahalla Junior School,39,2210043,,,698801,699700,933276,933325
Kegalle,Kegalle,Ruwanwella,34,842,,Ruwanwella Vocational Training School,41,2203064,,,699701,700600,933326,933375
Kegalle,Kegalle,Ruwanwella,35,1214,,Humbaswalana Junior School,39,2206899,,,700601,701900,933376,933425
Kegalle,Kegalle,Ruwanwella,36,1266,,Karawanella Sri Wikrama Junior School,40,2200972,,,701901,703200,933426,933500
Kegalle,Kegalle,Ruwanwella,37,771,,Wendala Primary School,42,2209301,,,703201,704000,933501,933550
Kegalle,Kegalle,Ruwanwella,38,569,,Ruwanwella Primary School,44,2210177,,,704001,704600,933551,933575
Kegalle,Kegalle,Ruwanwella,39,1389,,Ruwanwella Rajasingha Central College,41,2200094,2208490,,704601,706000,933576,933650
Kegalle,Kegalle,Ruwanwella,40,780,,Anguruwella Pradeshiya Saba Pre-School,40,2203108,,,706001,706800,933651,933700
Kegalle,Kegalle,Ruwanwella,41,1769,,Mudugamuwa Modal School,42,2205944,2210106,,706801,708600,933701,933775
Kegalle,Kegalle,Ruwanwella,42,1413,,Preaching Hall of Niwunhella Sri Sailaramaya Viharaya,43,2204098,2208466,,708601,710100,933776,933850
Kegalle,Kegalle,Ruwanwella,43,1173,,Petangoda Junior School,42,2200498,,,710101,711300,933851,933900
Kegalle,Kegalle,Ruwanwella,44,1304,,Newunhella Junior School,39,2201545,,,711301,712700,933901,933975
Kegalle,Kegalle,Ruwanwella,45,1167,,SulaimaniyaCentral College - Kannaththota,39,2207177,,,712701,713900,933976,934025
Kegalle,Kegalle,Ruwanwella,46,1145,,Gonaramba Government Carpentry School,40,2203841,,,713901,715100,934026,934075
Kegalle,Kegalle,Ruwanwella,47,1265,,Kannaththota Junior School,41,2201501,2206247,,715101,716400,934076,934150
Kegalle,Kegalle,Ruwanwella,48,1254,,Kurupeththa Junior School,41,2202118,2210184,,716401,717700,934151,934225
Kegalle,Kegalle,Ruwanwella,49,2109,,Magammana Junior School,39,2209516,2205134,2209345,717701,719900,934226,934325
Kegalle,Kegalle,Ruwanwella,50,1630,,Kanangama Vijethunga Junior School,42,2201466,2202761,,719901,721600,934326,934400
Kegalle,Kegalle,Ruwanwella,51,1800,,Atulugama Mayadunna Maha Vidyalaya,44,2210170,2209686,2200792,721601,723400,934401,934475
Kegalle,Kegalle,Ruwanwella,52,722,,Atulugamwela Primary School,41,2200713,,,723401,724200,934476,934525
Kegalle,Kegalle,Ruwanwella,53,809,,Daigala Junior School,42,2202581,,,724201,725100,934526,934575
Kegalle,Kegalle,Ruwanwella,54,634,,Kelegama Primary School,43,2209221,,,725101,725800,934576,934625
Kegalle,Kegalle,Ruwanwella,55,1618,,Napawala Muslim Maha Vidyalaya,41,2200948,2202311,,725801,727500,934626,934700
Kegalle,Kegalle,Ruwanwella,56,528,,Uduwila Community Hall,44,2205022,2203086,,727501,728100,934701,934725
Kegalle,Kegalle,Ruwanwella,57,1826,,Gurugalla Junior School,43,2205977,2205033,,728101,730000,934726,934800
Kegalle,Kegalle,Ruwanwella,58,982,,Pahala Thalduwa Buddhist Maha Vidyalaya - Hall no 1,43,2209130,,,730001,731000,934801,934850
Kegalle,Kegalle,Ruwanwella,59,1306,,Pahala Thalduwa Buddhist Maha Vidyalaya - Hall no 2,42,2200781,,,731001,732400,934851,934925
Kegalle,Kegalle,Ruwanwella,60,916,,Pahala Thaduwa Muslim Maha Vidyalaya,43,2203667,,,732401,733400,934926,934975
Kegalle,Kegalle,Ruwanwella,61,899,,Epalapitiya Primary School,44,2201949,,,733401,734300,934976,935025
Kegalle,Kegalle,Ruwanwella,62,1897,,Ihala Thalduwa Junior School,44,2208193,229744,2210103,734301,736200,935026,935125
Kegalle,Kegalle,Ruwanwella,63,1162,,Preaching Hall of Kamburapola Sri Abhinawarama Viharaya,40,2209607,,,736201,737400,935126,935175
Kegalle,Kegalle,Ruwanwella,64,1839,,Dehiovita Buddhist Primary School,44,2202928,2208694,2202197,737401,739300,935176,935250
Kegalle,Kegalle,Ruwanwella,65,966,,Preaching Hall of Thimbiripola Sri Abhinawarama Viharaya,40,2203716,,,739301,740300,935251,935300
Kegalle,Kegalle,Ruwanwella,66,634,,Dehiovita National School,42,2201319,,,740301,741000,935301,935350
Kegalle,Kegalle,Ruwanwella,67,2024,,Dehiovita Cultural Center,40,2210190,2200252,,741001,743100,935351,935450
Kegalle,Kegalle,Deraniyagala,1,650,,Nawela Primary School,46,2210741,,,743101,743800,935451,935500
Kegalle,Kegalle,Deraniyagala,2,1045,,Behenella Primary School,49,2211213,2212247,,743801,744900,935501,935550
Kegalle,Kegalle,Deraniyagala,3,1061,,Preaching Hall of Punchi Madawala Sri Abhinawaramaya Viharaya,49,2211516,2211876,,744901,746000,935551,935600
Kegalle,Kegalle,Deraniyagala,4,1508,,Basnagala Mahindodhaya Secondary School,50,2211022,2211887,,746001,747600,935601,935675
Kegalle,Kegalle,Deraniyagala,5,1030,,Polgaswatta Maha Vidyalaya,50,2211551,,,747601,748700,935676,935725
Kegalle,Kegalle,Deraniyagala,6,1610,,Dodawatta Primary School,45,2212372,2212056,,748701,750400,935726,935800
Kegalle,Kegalle,Deraniyagala,7,752,,Kirihena Junior School,46,2212405,,,750401,751200,935801,935850
Kegalle,Kegalle,Deraniyagala,8,786,,Welihinda Govi sevana Center,50,2212067,,,751201,752000,935851,935900
Kegalle,Kegalle,Deraniyagala,9,989,,Anhettigama Maha Vidyalaya,50,2212304,,,752001,753000,935901,935950
Kegalle,Kegalle,Deraniyagala,10,699,,Kehelwala Junior School,49,2210651,,,753001,753700,935951,936000
Kegalle,Kegalle,Deraniyagala,11,1494,,Uda Maliboda Sri Dewananda Junior School,47,2210212,2212225,,753701,755200,936001,936075
Kegalle,Kegalle,Deraniyagala,12,1871,,PothdenikandaMaha Vidyalaya,46,2212192,2212181,2112271,755201,757100,936076,936150
Kegalle,Kegalle,Deraniyagala,13,1339,,Nakkawita Junior School,45,2211281,2212348,,757101,758500,936151,936225
Kegalle,Kegalle,Deraniyagala,14,1114,,Hingurana Junior School - Thalawa,46,2211628,2212091,,758501,759700,936226,936275
Kegalle,Kegalle,Deraniyagala,15,898,,Pahala Panakoora Primary School - Old Building,47,2212214,,,759701,760600,936276,936325
Kegalle,Kegalle,Deraniyagala,16,826,,Magala Junior School,48,2210864,,,760601,761500,936326,936375
Kegalle,Kegalle,Deraniyagala,17,954,,Yatiwala Junior School,50,2212416,2212350,,761501,762500,936376,936425
Kegalle,Kegalle,Deraniyagala,18,794,,Kosgahakanda Maha Vidyalaya,48,2212427,,,762501,763300,936426,936475
Kegalle,Kegalle,Deraniyagala,19,679,,Thanthreekanda Primary School,45,2212293,,,763301,764000,936476,936525
Kegalle,Kegalle,Deraniyagala,20,903,,Hathkela Junior School,47,2211584,2212034,,764001,765000,936526,936575
Kegalle,Kegalle,Deraniyagala,21,1729,,Preaching Hall of Deraniyagala South Purana Viharaya,46,2212203,2212260,,765001,766800,936576,936650
Kegalle,Kegalle,Deraniyagala,22,1293,,Kathireshan Tamil Vidyalaya - Hambanawela,47,2210460,2212326,,766801,768100,936651,936725
Kegalle,Kegalle,Deraniyagala,23,1917,,Deraniyagala Muhandhiram Junior School,48,2212258,2211641,,768101,770100,936726,936825
Kegalle,Kegalle,Deraniyagala,24,2128,,Deraniyagala Sirisaman National School,49,2210324,2212157,2210842,770101,772300,936826,936925
Kegalle,Kegalle,Deraniyagala,25,737,,Udabage Tamil School,49,2211112,,,772301,773100,936926,936975
Kegalle,Kegalle,Deraniyagala,26,1500,,Miyanawita Junior School,50,2212168,2210638,,773101,774600,936976,937050
Kegalle,Kegalle,Deraniyagala,27,1436,,Udapola Junior School,47,2211123,2211821,,774601,776100,937051,937125
Kegalle,Kegalle,Deraniyagala,28,1169,,Rasnakkanda Grama Secretary Office,45,2212337,,,776101,777300,937126,937175
Kegalle,Kegalle,Deraniyagala,29,455,,Udahenkanda Amarasingha Junior School,46,2212394,,,777301,777800,937176,937200
Kegalle,Kegalle,Deraniyagala,30,1260,,Sapumalkanda Estate Tamil School,48,2212236,2212361,,777801,779100,937201,937275
Kegalle,Kegalle,Deraniyagala,31,1526,,Boralankada Junior School,47,2212440,2211808,,779101,780700,937276,937350
Kegalle,Kegalle,Deraniyagala,32,947,,Mahinkanda Primary School,47,2210763,2212282,,780701,781700,937351,937400
Kegalle,Kegalle,Deraniyagala,33,597,,Meegastenna Maha Vidyalaya,48,2210818,,,781701,782300,937401,937425
Kegalle,Kegalle,Deraniyagala,34,1238,,Kahanawita Junior School,46,2210785,2210831,,782301,783600,937426,937475
Kegalle,Kegalle,Deraniyagala,35,420,,Dehiowita Tamil School,45,2211134,,,783601,784100,937476,937500
Kegalle,Kegalle,Deraniyagala,36,1213,,Denswork Estate tamil Vidyalaya,49,2211145,2210897,,784101,785400,937501,937550
Kegalle,Kegalle,Deraniyagala,37,545,,Delloluwa Maha Vidyalaya,48,2211854,,,785401,786000,937551,937575
Kegalle,Kegalle,Deraniyagala,38,2183,,Deegala Junior School,46,2212135,2212315,2212001,786001,788200,937576,937675
Kegalle,Kegalle,Deraniyagala,39,2021,,Hinguralakanda Maha Vidyalaya,50,2212023,2210425,,788201,790300,937676,937775
Kegalle,Kegalle,Deraniyagala,40,1168,,Imbulpitiya Junior School,47,2211810,2211178,,790301,791500,937776,937825
Kegalle,Kegalle,Deraniyagala,41,926,,Preaching Hall of Elawulla Sri Jinendiraramaya,49,2211360,,,791501,792500,937826,937875
Kegalle,Kegalle,Deraniyagala,42,1171,,Pannila Weerasingha Junior School,45,2211494,,,792501,793700,937876,937925
Kegalle,Kegalle,Deraniyagala,43,1014,,Rangegama Community Hall,46,2211527,2210223,,793701,794800,937926,937975
Kegalle,Kegalle,Deraniyagala,44,873,,Thelumpitiya Primary School,49,2210368,,,794801,795700,937976,938025
Kegalle,Kegalle,Deraniyagala,45,734,,Ambalanpitiya Maha Vidyalaya,50,2210774,,,795701,796500,938026,938075
Kegalle,Kegalle,Deraniyagala,46,708,,Godagampola Iddamallena Maha Vidyalaya,47,2210662,,,796501,797300,938076,938125
Kegalle,Kegalle,Deraniyagala,47,514,,Preaching Hall of Medikele Sri Sambodhi Viharaya,48,2210414,,,797301,797900,938126,938150
Kegalle,Kegalle,Deraniyagala,48,1313,,Thalapitiya Primary School,45,2211246,,,797901,799300,938151,938225
Kegalle,Kegalle,Deraniyagala,49,1951,,Panawala Ranjan Wijerathne Maha Vidyalaya,48,2211325,2211270,,799301,801300,938226,938325
Kegalle,Kegalle,Deraniyagala,50,855,,Muruththettuwa Vidyalaya,47,2211000,,,801301,802200,938326,938375
Kegalle,Kegalle,Deraniyagala,51,603,,Yogama Model Junior School,48,2210932,,,802201,802900,938376,938400
Kegalle,Kegalle,Deraniyagala,52,1240,,Uda Yogama Community Hall,49,2211944,2210256,,802901,804200,938401,938450
Kegalle,Kegalle,Deraniyagala,53,1191,,Pahala Maniyangama Junior School,45,2212124,2210752,,804201,805400,938451,938500
Kegalle,Kegalle,Deraniyagala,54,882,,Maniyangama Maha Vidyalaya,50,2210730,,,805401,806300,938501,938550
Kegalle,Kegalle,Deraniyagala,55,1007,,Maniyangama Ihalawela Community Hall,49,2210245,,,806301,807400,938551,938600
Kegalle,Kegalle,Deraniyagala,56,1150,,Galabalanakanda Junior School,45,2211088,,,807401,808600,938601,938650
Kegalle,Kegalle,Deraniyagala,57,1332,,Madola Community Hall,45,2210392,3211448,,808601,810000,938651,938725
Kegalle,Kegalle,Deraniyagala,58,1986,,Welangalla Junior School,48,2211101,2210482,,810001,812000,938726,938825
Kegalle,Kegalle,Deraniyagala,59,673,,Madola Janasalu center,50,2210627,,,812001,812700,938826,938875
Kegalle,Kegalle,Dadhigama,1,"1,262",,Sri Dammajothi Junior School - Borukgamuwa,1,2211358,2211595,,812701,814000,938876,938950
Kegalle,Kegalle,Dadhigama,2,"1,055",,Weniwellakaduwa Vidyalaya,2,2210909,2210548,,814001,815100,938951,939000
Kegalle,Kegalle,Dadhigama,3,"1,226",,Opatha Mechanical Carpentry School,3,2217044,,,815101,816400,939001,939050
Kegalle,Kegalle,Dadhigama,4,790,,Paspolakanda Junior School,4,2211426,,,816401,817200,939051,939100
Kegalle,Kegalle,Dadhigama,5,882,,Kodapaluwa Rural Development Society Hall,5,2207081,,,817201,818100,939101,939150
Kegalle,Kegalle,Dadhigama,6,"1,308",,Ranwala Rural Development Society Hall,6,2211933,2211832,,818101,819500,939151,939225
Kegalle,Kegalle,Dadhigama,7,"1,075",,Beligala Bodhiraja Maha Vidyalaya,2,2210987,,,819501,820600,939226,939275
Kegalle,Kegalle,Dadhigama,8,"1,712",,Metiyagane Vidyawardhana Primary School,1,2210908,2211202,,820601,822400,939276,939350
Kegalle,Kegalle,Dadhigama,9,738,,Ihala Kalugala Vidyalaya,3,2211988,,,822401,823200,939351,939400
Kegalle,Kegalle,Dadhigama,10,"1,657",,Morawaka Vidyalaya,4,2212170,2211292,,823201,824900,939401,939475
Kegalle,Kegalle,Dadhigama,11,998,,New Building of Ihalagama Community Hall.,5,2210820,,,824901,825900,939476,939525
Kegalle,Kegalle,Dadhigama,12,867,,Walpola Community Hall,6,2211371,,,825901,826800,939526,939575
Kegalle,Kegalle,Dadhigama,13,"1,209",,Kahambiliyawala Maha Vidyalaya,5,2210616,2212113,,826801,828100,939576,939625
Kegalle,Kegalle,Dadhigama,14,593,,Leeniyakaduwa Community Hall,3,2210998,,,828101,828700,939626,939650
Kegalle,Kegalle,Dadhigama,15,731,,Kumbalgama Sri Wijaya Maranadhara Society Hall,2,2210875,,,828701,829500,939651,939700
Kegalle,Kegalle,Dadhigama,16,"1,313",,Mangedara Junior School,4,2211538,2211415,,829501,830900,939701,939775
Kegalle,Kegalle,Dadhigama,17,"1,033",,Gasnawa Social Services Association Hall,6,2212146,2202344,,830901,832000,939776,939825
Kegalle,Kegalle,Dadhigama,18,"2,103",,Nangalla Muslim Vidyalaya,6,2210493,2210976,,832001,834200,939826,939925
Kegalle,Kegalle,Dadhigama,19,"1,085",,Preaching Hall of Hunuwala Rajamaha Viharaya,5,2211224,,,834201,835300,939926,939975
Kegalle,Kegalle,Dadhigama,20,"1,535",,Thulhiriya Maha Vidyalaya,4,2210267,2211347,,835301,836900,939976,940050
Kegalle,Kegalle,Dadhigama,21,"1,312",,Tholangamuwa Dudly Senanayaka Central College Hall No 01,1,2207953,2211257,,836901,838300,940051,940125
Kegalle,Kegalle,Dadhigama,22,855,,Tholangamuwa Dudly Senanayaka Central College Hall No 02,3,2209846,,,838301,839200,940126,940175
Kegalle,Kegalle,Dadhigama,23,"1,252",,AmbepussaMaha Vidyalaya Hall No.01,5,2206945,2209961,,839201,840500,940176,940250
Kegalle,Kegalle,Dadhigama,24,"1,249",,AmbepussaMaha Vidyalaya Hall No.02,6,2203705,,,840501,841800,940251,940300
Kegalle,Kegalle,Dadhigama,25,"1,062",,Mahena Sarasavi Vidyalaya,5,2206809,,,841801,842900,940301,940350
Kegalle,Kegalle,Dadhigama,26,984,,Zonal Education Office Building - Warakapola,6,2209653,,,842901,843900,940351,940400
Kegalle,Kegalle,Dadhigama,27,"1,519",,Mahena Junior School,1,2202849,2200691,,843901,845500,940401,940475
Kegalle,Kegalle,Dadhigama,28,265,,Elipangamuwa Junior School,4,2207667,,,845501,845800,940476,940500
Kegalle,Kegalle,Dadhigama,29,527,,Preaching Hall of Elipangamuwa Sri sobitharama Viharaya,6,2210157,,,845801,846400,940501,940525
Kegalle,Kegalle,Dadhigama,30,895,,Preaching Hall of Burunnawa Viharaya,6,2206664,,,846401,847300,940526,940575
Kegalle,Kegalle,Dadhigama,31,"1,749",,Othnapitiya Vidyalaya,2,2209664,2203266,,847301,849100,940576,940650
Kegalle,Kegalle,Dadhigama,32,"1,109",,Dedigama Perakumba Maha Vidyalaya,4,2209802,2207394,,849101,850300,940651,940700
Kegalle,Kegalle,Dadhigama,33,"1,311",,Assellamulla Rural Development Society Hall,5,2207406,2202028,,850301,851700,940701,940775
Kegalle,Kegalle,Dadhigama,34,"1,586",,Dedigama Junior School,1,2204403,2206811,,851701,853300,940776,940850
Kegalle,Kegalle,Dadhigama,35,991,,Thunthota PahalaRural Development Society Hall,6,2207350,,,853301,854300,940851,940900
Kegalle,Kegalle,Dadhigama,36,"1,160",,Ihala Lenagala Primary School,5,2207683,,,854301,855500,940901,940950
Kegalle,Kegalle,Dadhigama,37,"1,464",,MenikkadawaraVidyalaya,3,2209124,,,855501,857000,940951,941025
Kegalle,Kegalle,Dadhigama,38,"1,336",,Mahapallegama Senanayaka Maha Vidyalaya- Hall no 01,5,2204741,2204796,,857001,858400,941026,941100
Kegalle,Kegalle,Dadhigama,39,918,,Mahapallegama Senanayaka Maha Vidyalaya- Hall no 02,1,2202208,2204324,,858401,859400,941101,941150
Kegalle,Kegalle,Dadhigama,40,"1,207",,Preaching Halll of Kiniwita Sri Sugatharamaya,6,2201207,2210160,,859401,860700,941151,941200
Kegalle,Kegalle,Dadhigama,41,911,,Thambadiya Sri Sumedha Vidyalaya,4,2203452,2209755,,860701,861700,941201,941250
Kegalle,Kegalle,Dadhigama,42,"1,126",,Malmaduwa Junior School,6,2203277,,,861701,862900,941251,941300
Kegalle,Kegalle,Dadhigama,43,"1,298",,Makoora Junior School,2,2200577,,,862901,864200,941301,941375
Kegalle,Kegalle,Dadhigama,44,907,,PreachingHall of Alpitiya Sri Sudarsanarama Viharaya,2,2206787,,,864201,865200,941376,941425
Kegalle,Kegalle,Dadhigama,45,"1,213",,Kiwuldeniya Mahanaga Maha Vidyalaya,2,2201995,2204572,,865201,866500,941426,941475
Kegalle,Kegalle,Dadhigama,46,"1,198",,Welhella Junior School,6,2207315,,,866501,867700,941476,941525
Kegalle,Kegalle,Dadhigama,47,"1,113",,Weragala Maha Vidyalaya,3,2204774,2208774,,867701,868900,941526,941575
Kegalle,Kegalle,Dadhigama,48,"1,437",,Pahala Lenegala Society Hall,1,2200961,2201387,,868901,870400,941576,941650
Kegalle,Kegalle,Dadhigama,49,674,,Dorawaka Siriniwasa Maha Vidyalaya - Hall No.01,6,2206315,,,870401,871100,941651,941700
Kegalle,Kegalle,Dadhigama,50,"1,419",,Dorawaka Siriniwasa Maha Vidyalaya - Hall No.02,2,2201692,2200678,,871101,872600,941701,941775
Kegalle,Kegalle,Dadhigama,51,"1,371",,Ganegama Junior School,3,2202838,,,872601,874000,941776,941850
Kegalle,Kegalle,Dadhigama,52,836,,KohombadeniyaPrimary School,2,2209493,,,874001,874900,941851,941900
Kegalle,Kegalle,Dadhigama,53,"1,231",,Dorawaka Siri Sreela Vimala Piriwana,4,2202489,220037,,874901,876200,941901,941950
Kegalle,Kegalle,Dadhigama,54,"1,191",,Mainnoluwa Maha Vidyalaya,5,2206056,2200206,,876201,877400,941951,942000
Kegalle,Kegalle,Dadhigama,55,"1,631",,Preachin Hall of Warakapola Sri Sailamalakaramaya,3,2201973,2208307,,877401,879100,942001,942075
Kegalle,Kegalle,Dadhigama,56,"1,687",,Warakapola Buddhist School,4,2200926,2210193,,879101,880800,942076,942150
Kegalle,Kegalle,Dadhigama,57,"1,136",,Warakapola Technical College,1,2209458,2210134,,880801,882000,942151,942200
Kegalle,Kegalle,Dadhigama,58,"1,986",,Warakapola Babul Hassan Centrel College,2,2204111,,,882001,884000,942201,942300
Kegalle,Kegalle,Dadhigama,59,"1,626",,Dorawaka Mahasen Junior School,1,2204368,2201049,,884001,885700,942301,942375
Kegalle,Kegalle,Dadhigama,60,"1,375",,Batuwana Junior School,3,2206517,2202524,,885701,887100,942376,942450
Kegalle,Kegalle,Dadhigama,61,"1,820",,Niyandurupola Sri Parakrama Maha Vidyalaya,3,2210105,2206427,,887101,889000,942451,942525
Kegalle,Kegalle,Dadhigama,62,627,,Ebidigala Primary School,5,2200825,,,889001,889700,942526,942575
Kegalle,Kegalle,Dadhigama,63,"1,175",,Bopitiya Junior School,3,2207235,2208216,,889701,890900,942576,942625
Kegalle,Kegalle,Dadhigama,64,"1,173",,Niwatuwa Maha Vidyalaya,4,2204853,2201488,,890901,892100,942626,942675
Kegalle,Kegalle,Dadhigama,65,"1,773",,Ethnawala Cluster School,4,2206203,2203817,,892101,893900,942676,942750
Kegalle,Kegalle,Dadhigama,66,920,,Dummaladeniya Muslim Vidyalaya,2,2208182,,,893901,894900,942751,942800
Kegalle,Kegalle,Dadhigama,67,"1,424",,Algama Maha Vidyalaya,2,2205854,,,894901,896400,942801,942875
Kegalle,Kegalle,Dadhigama,68,739,,Algama Junior School,5,2208752,,,896401,897200,942876,942925
Kegalle,Kegalle,Dadhigama,69,536,,Thalgahadeniya Sanasa Building,1,2208251,,,897201,897800,942926,942950
Kegalle,Kegalle,Dadhigama,70,738,,Madurupitiya Community Hall,3,2206135,,,897801,898600,942951,943000
Kegalle,Kegalle,Dadhigama,71,732,,Kandegama Sri Parakrama Vidyalaya,3,2200511,,,898601,899400,943001,943050
Kegalle,Kegalle,Dadhigama,72,"1,284",,Godawela Maha Viidyalaya,1,2200858,2202175,,899401,900700,943051,943125
Kegalle,Kegalle,Dadhigama,73,550,,Puhulegama community Hall,1,2200296,,,900701,901300,943126,943150
Kegalle,Kegalle,Dadhigama,74,842,,Thambugala Maha Vidyalaya,4,2210172,,,901301,902200,943151,943200
Kegalle,Kegalle,Dadhigama,75,598,,Penihala Viharasthanaya,4,2203007,,,902201,902800,943201,943225
Kegalle,Kegalle,Dadhigama,76,"1,580",,Uduwaka Junior School,5,2200599,2205347,,902801,904400,943226,943300